id,title,url,publisher,category,version_or_date,scope,source_type,use_in_kb,notes,date_accessed,permission_status
S01,HWUM Tuition fees (2026/27),https://www.hw.ac.uk/malaysia/study/fees-and-funding/tuition-fees,HWU Malaysia,fees,2026/27,HWUM,official,yes,Current fee page. Includes payment modes and additional fees.,2026-10-08,to confirm with supervisor
S02,Fee structure - International students 2026/27 (PDF),https://www.hw.ac.uk/document-library/malaysia/study/Fee-International.pdf,HWU Malaysia,fees,2026/27,HWUM,official,yes,Mentions 6% service tax for non-Malaysian students from 1 Jul 2025.,2026-10-08,to confirm with supervisor
S03,Fee structure - Malaysian students (PDF),https://www.hw.ac.uk/document-library/malaysia/study/Fee-Local.pdf,HWU Malaysia,fees,year unclear (snippet showed 2024/25),HWUM,official,check,Open the file and confirm which year it covers before using.,2026-10-08,to confirm with supervisor
S04,Fees and payment guide Malaysia (new students),https://www.hw.ac.uk/document-library/students/new-students/Fees-and-payment-guide-Malaysia.pdf,HWU Malaysia,fees,version unclear,HWUM,official,check,Instalment rules and payment steps. Confirm date.,2026-10-08,to confirm with supervisor
S05,Fees and payment guide (July 2025),https://www.hw.ac.uk/uk/students/doc/malaysia/fees-and-payment-guide-july-2025.pdf,HWU Malaysia,fees,July 2025,HWUM,official,yes,Overlaps with S04: useful for conflicting-version tests.,2026-10-08,to confirm with supervisor
S06,"HWUM Tuition fees (older page, shows 2023/24)",https://www.hw.ac.uk/malaysia/study/fees/tuition.htm,HWU Malaysia,fees,2023/24 (outdated),HWUM,official,staleness-test,Still online. Keep as an outdated source to test freshness handling (rule B4).,2026-10-08,to confirm with supervisor
S07,"Fees and payment guide (older, 2023/24 example)",https://www.hw.ac.uk/uk/students/doc/malaysia/FeesandPaymentGuide.pdf,HWU Malaysia,fees,2023/24 (outdated),HWUM,official,staleness-test,Older version of S04/S05.,2026-10-08,to confirm with supervisor
S08,Policy on Scheduling and Submission of Coursework,https://www.hw.ac.uk/document-library/policy/submissionofcoursework-policy.pdf,HWU Academic Registry,deadlines / late submission,"in force since 2018/19, revised 2022/23",HWU-wide,official,yes,Late penalty and extension rules. Core source for the late-submission example.,2026-10-08,to confirm with supervisor
S09,L&T Briefing Paper: Scheduling and Submission of Coursework,https://www.hw.ac.uk/document-library/professional-services/registry-services/academic-registry/ltbp-submission-coursework.pdf,HWU Academic Quality,deadlines / late submission,reviewed Sept 2025,HWU-wide,official,yes,Short summary of S08.,2026-10-08,to confirm with supervisor
S10,"Mitigating Circumstances Procedure (V1, 19/09/2026)",https://www.hw.ac.uk/document-library/mc-procedure.pdf,HWU University Committee,regulations / mitigating circumstances,V1 19/09/2026,HWU-wide,official,yes,Newest document. Check how it relates to S11-S14.,2026-10-08,to confirm with supervisor
S11,Mitigating Circumstances Guide for Students,https://www.hw.ac.uk/document-library/mc-student-guide.pdf,HWU,regulations / mitigating circumstances,version unclear,HWU-wide,official,check,Confirm date. May overlap with S12.,2026-10-08,to confirm with supervisor
S12,Mitigating Circumstances Guide for Students (second copy),https://www.hw.ac.uk/document-library/students/mc-studentguide1.pdf,HWU,regulations / mitigating circumstances,version unclear (likely older),HWU-wide,official,staleness-test,Compare against S11.,2026-10-08,to confirm with supervisor
S13,Mitigating circumstances web page (current path),https://www.hw.ac.uk/students/manage-your-studies/examinations-and-assessment/mitigating-circumstances,HWU,regulations / mitigating circumstances,current?,HWU-wide,official,check,"Seen as a link inside S09, not opened yet.",2026-10-08,to confirm with supervisor
S14,Mitigating circumstances web page (older path),https://www.hw.ac.uk/students/studies/examinations/mitigating-circumstances.htm,HWU,regulations / mitigating circumstances,older,HWU-wide,official,staleness-test,Older page that mentions an older process.,2026-10-08,to confirm with supervisor
S15,"MACS students: core information (Canvas, coursework, exams)",https://www.macs.hw.ac.uk/students/?p=268,School of MACS,regulations / coursework,version unclear,School (check HWUM relevance),official,check,Confirm it applies to the Malaysia campus.,2026-10-08,to confirm with supervisor
S16,HAPS Learning & Teaching Briefing Paper,https://www.hw.ac.uk/uk/services/docs/learning-teaching/policies/ltbp-haps.pdf,HWU Academic Quality,regulations / assessment,reviewed July 2025,HWU-wide,official,yes,Summary of the assessment and progression system.,2026-10-08,to confirm with supervisor
S17,HAPS information for undergraduate students,https://www.hw.ac.uk/document-library/professional-services/registry-services/academic-registry/hapsug.pdf,HWU Academic Registry,regulations / assessment,updated July 2025,HWU-wide,official,yes,Re-assessment and progression rules.,2026-10-08,to confirm with supervisor
S18,HAPS information for undergraduate students (2019 version),https://www.hw.ac.uk/uk/services/docs/learning-teaching/policies/hapsug.pdf,HWU Academic Registry,regulations / assessment,May 2019 (outdated),HWU-wide,official,staleness-test,Older version of S17.,2026-10-08,to confirm with supervisor
S19,Mapping HAPS grades to the Malaysian CGPA scheme,https://www.hw.ac.uk/uk/students/doc/MappingofHWUGradingSchemeToTheMalaysianG.pdf,HWU,grading,version unclear,HWUM,official,yes,Malaysia-specific grading note.,2026-10-08,to confirm with supervisor
S20,"Examinations: supplementary information (results, transcripts)",https://www.hw.ac.uk/students/studies/examinations/supplementary-information.htm,HWU,exams / grading,version unclear,HWU + Malaysia notes,official,check,Includes Malaysia foundation programme notes.,2026-10-08,to confirm with supervisor
S21,Academic Regulations 2025/26,https://hw.ac.uk/document-library/governance/ordinances-and-regulations/Regulations-2025-26.pdf,HWU Governance,regulations,2025/26,HWU-wide,official,yes,Long document. Look for a 2026/27 edition.,2026-10-08,to confirm with supervisor
S22,Academic Regulations 2023/24,https://www.hw.ac.uk/documents/Regulations-2023-24.pdf,HWU Governance,regulations,2023/24 (outdated),HWU-wide,official,staleness-test,Older edition of S21.,2026-10-08,to confirm with supervisor
S23,"HWUM Global College page (pathways, Go Global transfer discount)",https://www.hw.ac.uk/malaysia/study/global-college,HWU Malaysia,admissions / financial aid,year unclear,HWUM,official,check,Mentions scholarships and a transfer discount. Confirm it is current.,2026-10-08,to confirm with supervisor
X01,Scholarships list (eduadvisor.my),https://eduadvisor.my/university/heriot-watt-university-malaysia/all-scholarships,EduAdvisor (agent),financial aid,unknown,HWUM,third-party,no,NOT official. Use only as a pointer to find the official scholarships page.,2026-10-08,to confirm with supervisor
X02,Scholarship overview (unienrol.com),https://unienrol.com/scholarships/heriot-watt-university-malaysia,UniEnrol (agent),financial aid,unknown,HWUM,third-party,no,NOT official. Same as X01.,2026-10-08,to confirm with supervisor
X03,Heriot-Watt page (edufair.fsi.com.my),https://edufair.fsi.com.my/heriot-watt,Education fair site,financial aid,unknown,HWUM,third-party,no,"NOT official, content looks dated.",2026-10-08,to confirm with supervisor
X04,Aberdeen late submission policy,https://abdn.ac.uk/staffnet/documents/academic-quality-handbook/Late%20Submissoin%20of%20Work%20Policy%20(2021%20-%2022%20onwards)%20-%20September%202021.pdf,University of Aberdeen,deadlines / late submission,2021,not HWU,other university,no,Wrong university. Appeared in search results: example of contamination to avoid.,2026-10-08,to confirm with supervisor
